institutionId,fullName,gender,phoneNumber,email,password
24KP3H968F,Arthur Bailey,male,9225352760,arthur.bailey10@university.edu,24KP3H968F
24KP6E403F,Mary Harris,female,9714465310,mary.harris37@university.edu,24KP6E403F
24KP6E790F,Robert Iverson,male,9720003066,robert.iverson60@university.edu,24KP6E790F
24KP3H262F,Margaret Evans,female,9793342174,margaret.evans14@university.edu,24KP3H262F
24KP4C960F,Charles Nelson,male,9180852745,charles.nelson95@university.edu,24KP4C960F
24KP6E231F,Mary Lewis,female,9544019344,mary.lewis82@university.edu,24KP6E231F
24KP4C574F,George Iverson,male,9539332225,george.iverson25@university.edu,24KP4C574F
24KP1A815F,Catherine Iverson,female,9834599362,catherine.iverson18@university.edu,24KP1A815F
24KP4C506F,Edward Parker,male,9945950201,edward.parker81@university.edu,24KP4C506F
24KP1A493F,Elizabeth Johnson,female,9990958324,elizabeth.johnson17@university.edu,24KP1A493F
24KP3H555F,George Nelson,male,9256967242,george.nelson33@university.edu,24KP3H555F
24KP2B465F,Elizabeth Lewis,female,9565357758,elizabeth.lewis47@university.edu,24KP2B465F
24KP3H816F,Charles Harris,male,9943160731,charles.harris39@university.edu,24KP3H816F
24KP1A603F,Linda Anderson,female,9144183460,linda.anderson13@university.edu,24KP1A603F
24KP4C605F,Edward Reynolds,male,9847296864,edward.reynolds71@university.edu,24KP4C605F
24KP5D942F,Susan Turner,female,9232416762,susan.turner91@university.edu,24KP5D942F
24KP3H770F,Steven Reynolds,male,9687161601,steven.reynolds66@university.edu,24KP3H770F
24KP4C300F,Margaret Owens,female,9225043004,margaret.owens72@university.edu,24KP4C300F
24KP1A911F,Philip Bailey,male,9862081604,philip.bailey61@university.edu,24KP1A911F
24KP3H939F,Helen Johnson,female,9579483069,helen.johnson83@university.edu,24KP3H939F
24KP2B959F,Michael Griffin,male,9195070861,michael.griffin45@university.edu,24KP2B959F
24KP3H799F,Susan Iverson,female,9810941893,susan.iverson74@university.edu,24KP3H799F
24KP5D714F,Philip Harris,male,9971231992,philip.harris82@university.edu,24KP5D714F
24KP5D102F,Linda Bailey,female,9856138810,linda.bailey56@university.edu,24KP5D102F
24KP3H757F,Anthony Parker,male,9871293368,anthony.parker33@university.edu,24KP3H757F
24KP5D896F,Susan Keller,female,9534757670,susan.keller40@university.edu,24KP5D896F
24KP2B977F,Steven Quinn,male,9718899276,steven.quinn82@university.edu,24KP2B977F
24KP6E460F,Mary Nelson,female,9715568395,mary.nelson52@university.edu,24KP6E460F
24KP6E580F,Robert Lewis,male,9815129740,robert.lewis54@university.edu,24KP6E580F
24KP6E167F,Catherine Keller,female,9625334550,catherine.keller25@university.edu,24KP6E167F
24KP2B361F,Edward Harris,male,9159075937,edward.harris98@university.edu,24KP2B361F
24KP3H339F,Elizabeth Griffin,female,9863117721,elizabeth.griffin13@university.edu,24KP3H339F
24KP2B583F,Philip Morris,male,9517354151,philip.morris95@university.edu,24KP2B583F
24KP6E305F,Ruth Carter,female,9189258872,ruth.carter67@university.edu,24KP6E305F
24KP5D622F,George Keller,male,9187420404,george.keller49@university.edu,24KP5D622F
24KP3H987F,Mary Walker,female,9309940445,mary.walker35@university.edu,24KP3H987F
24KP1A602F,Steven Johnson,male,9133587955,steven.johnson42@university.edu,24KP1A602F
24KP5D539F,Elizabeth Johnson,female,9252628614,elizabeth.johnson62@university.edu,24KP5D539F
24KP5D216F,Anthony Iverson,male,9527056594,anthony.iverson42@university.edu,24KP5D216F
24KP3H404F,Elizabeth Keller,female,9755201907,elizabeth.keller68@university.edu,24KP3H404F
24KP6E734F,Edward Parker,male,9751845318,edward.parker77@university.edu,24KP6E734F
24KP5D843F,Catherine Owens,female,9624331019,catherine.owens35@university.edu,24KP5D843F
24KP1A394F,Robert Quinn,male,9655031839,robert.quinn85@university.edu,24KP1A394F
24KP4C722F,Linda Douglas,female,9884471090,linda.douglas18@university.edu,24KP4C722F
24KP2B519F,Arthur Quinn,male,9236429673,arthur.quinn57@university.edu,24KP2B519F
24KP3H143F,Ruth Reynolds,female,9320427599,ruth.reynolds48@university.edu,24KP3H143F
24KP4C484F,George Keller,male,9935456708,george.keller96@university.edu,24KP4C484F
24KP5D202F,Catherine Carter,female,9681476707,catherine.carter46@university.edu,24KP5D202F
24KP3H478F,Charles Foster,male,9635657116,charles.foster81@university.edu,24KP3H478F
24KP5D936F,Helen Harris,female,9534985005,helen.harris39@university.edu,24KP5D936F
24KP5D323F,Charles Lewis,male,9875659125,charles.lewis47@university.edu,24KP5D323F
24KP1A631F,Linda Foster,female,9552611252,linda.foster75@university.edu,24KP1A631F
24KP4C997F,Charles Nelson,male,9986292965,charles.nelson83@university.edu,24KP4C997F
24KP4C151F,Susan Reynolds,female,9371165326,susan.reynolds98@university.edu,24KP4C151F
24KP6E747F,Thomas Reynolds,male,9735266560,thomas.reynolds97@university.edu,24KP6E747F
24KP2B723F,Catherine Morris,female,9530212275,catherine.morris90@university.edu,24KP2B723F
24KP5D875F,Robert Morris,male,9392997202,robert.morris54@university.edu,24KP5D875F
24KP2B650F,Nancy Turner,female,9772034540,nancy.turner46@university.edu,24KP2B650F
24KP5D374F,Anthony Douglas,male,9261963134,anthony.douglas12@university.edu,24KP5D374F
24KP1A249F,Helen Owens,female,9967332887,helen.owens51@university.edu,24KP1A249F
24KP2B698F,Philip Carter,male,9853102049,philip.carter90@university.edu,24KP2B698F
24KP3H973F,Susan Carter,female,9377347320,susan.carter56@university.edu,24KP3H973F
24KP4C631F,George Carter,male,9804031985,george.carter33@university.edu,24KP4C631F
24KP2B393F,Mary Carter,female,9528620833,mary.carter12@university.edu,24KP2B393F
24KP1A527F,Anthony Douglas,male,9105008282,anthony.douglas75@university.edu,24KP1A527F
24KP4C340F,Helen Harris,female,9313654275,helen.harris50@university.edu,24KP4C340F
24KP5D159F,Philip Owens,male,9340774138,philip.owens15@university.edu,24KP5D159F
24KP5D447F,Nancy Anderson,female,9467359394,nancy.anderson82@university.edu,24KP5D447F
24KP6E114F,Arthur Foster,male,9494286802,arthur.foster73@university.edu,24KP6E114F
24KP1A619F,Ruth Turner,female,9967887967,ruth.turner25@university.edu,24KP1A619F
24KP6E246F,Anthony Owens,male,9201073294,anthony.owens74@university.edu,24KP6E246F
24KP1A673F,Nancy Harris,female,9649464115,nancy.harris69@university.edu,24KP1A673F
24KP3H535F,Edward Owens,male,9700137549,edward.owens31@university.edu,24KP3H535F
24KP1A659F,Diana Harris,female,9574264384,diana.harris81@university.edu,24KP1A659F
24KP3H346F,George Keller,male,9397687248,george.keller95@university.edu,24KP3H346F
24KP4C778F,Ruth Douglas,female,9830549449,ruth.douglas79@university.edu,24KP4C778F
24KP3H557F,Anthony Walker,male,9300509383,anthony.walker94@university.edu,24KP3H557F
24KP2B947F,Mary Walker,female,9670598724,mary.walker53@university.edu,24KP2B947F
24KP3H287F,Michael Carter,male,9535022020,michael.carter14@university.edu,24KP3H287F
24KP1A495F,Nancy Parker,female,9403555725,nancy.parker90@university.edu,24KP1A495F
24KP1A761F,Edward Carter,male,9149251069,edward.carter76@university.edu,24KP1A761F
24KP3H376F,Helen Carter,female,9248001585,helen.carter47@university.edu,24KP3H376F
24KP5D412F,George Iverson,male,9821137381,george.iverson28@university.edu,24KP5D412F
24KP6E259F,Margaret Reynolds,female,9952092996,margaret.reynolds20@university.edu,24KP6E259F
24KP6E497F,Thomas Reynolds,male,9221620442,thomas.reynolds19@university.edu,24KP6E497F
24KP3H862F,Margaret Johnson,female,9842425908,margaret.johnson46@university.edu,24KP3H862F
24KP6E634F,Edward Evans,male,9628720628,edward.evans72@university.edu,24KP6E634F
24KP6E801F,Linda Bailey,female,9953440520,linda.bailey26@university.edu,24KP6E801F
24KP4C903F,Thomas Nelson,male,9704970737,thomas.nelson43@university.edu,24KP4C903F
24KP2B449F,Ruth Foster,female,9385612683,ruth.foster51@university.edu,24KP2B449F
24KP1A936F,Thomas Quinn,male,9196364594,thomas.quinn33@university.edu,24KP1A936F
24KP4C744F,Ruth Foster,female,9259470533,ruth.foster26@university.edu,24KP4C744F
24KP6E739F,Michael Quinn,male,9877340467,michael.quinn14@university.edu,24KP6E739F
24KP4C862F,Catherine Iverson,female,9937729324,catherine.iverson40@university.edu,24KP4C862F
24KP1A599F,Thomas Iverson,male,9727634716,thomas.iverson14@university.edu,24KP1A599F
24KP2B355F,Catherine Reynolds,female,9198660575,catherine.reynolds67@university.edu,24KP2B355F
24KP2B974F,Robert Nelson,male,9574377377,robert.nelson37@university.edu,24KP2B974F
24KP1A322F,Helen Foster,female,9590791954,helen.foster23@university.edu,24KP1A322F
24KP3H631F,Anthony Lewis,male,9266357912,anthony.lewis13@university.edu,24KP3H631F
24KP6E558F,Helen Bailey,female,9123596079,helen.bailey60@university.edu,24KP6E558F
